<?xml version="1.0" encoding="UTF-8" standalone="no"?>
<!DOCTYPE properties SYSTEM "http://java.sun.com/dtd/properties.dtd">
<properties>
<comment>Renfe city codes</comment>
<entry key="ciudad real">37200</entry>
<entry key="bilbao">13200 </entry>
<entry key="almeria">56312</entry>
<entry key="lisboa">LISBO</entry>
<entry key="león">15100</entry>
<entry key="bardonecchia">83005</entry>
<entry key="puerto santa maría">51400</entry>
<entry key="a coruña">31412 </entry>
<entry key="monforte de lemos">20300</entry>
<entry key="pontevedra">23004</entry>
<entry key="albacete">60911 </entry>
<entry key="berna">85031</entry>
<entry key="valdepeñas">50102</entry>
<entry key="benicassim">65318</entry>
<entry key="málaga">54413</entry>
<entry key="linares-baeza">50300</entry>
<entry key="tarragona">82100</entry>
<entry key="teruel">67200</entry>
<entry key="cartagena">61307</entry>
<entry key="cádiz">51405</entry>
<entry key="jaen">03100</entry>
<entry key="cuenca">CUENC</entry>
<entry key="turín">83002</entry>
<entry key="córdoba">50500</entry>
<entry key="entroncamento">94428</entry>
<entry key="burgos rosa de lima">11014 </entry>
<entry key="alacant">60911</entry>
<entry key="marvao-beira">94401</entry>
<entry key="malaga">54413</entry>
<entry key="sahagún">15009</entry>
<entry key="gasteiz">11208</entry>
<entry key="ginebra">85444</entry>
<entry key="cordoba">50500</entry>
<entry key="irún">11600</entry>
<entry key="ferrol">21010</entry>
<entry key="santander">14223</entry>
<entry key="toledo">92102</entry>
<entry key="caceres">35400</entry>
<entry key="cáceres">35400</entry>
<entry key="lugo">20309</entry>
<entry key="friburgo">85410</entry>
<entry key="la coruña">31412</entry>
<entry key="utiel">03213</entry>
<entry key="zaragoza">ZARAG</entry>
<entry key="burgos">11014 </entry>
<entry key="figueres">04307</entry>
<entry key="salamanca">SALAM</entry>
<entry key="elda-petrer">60905</entry>
<entry key="alicante">60911</entry>
<entry key="oviedo">15211</entry>
<entry key="mérida">37500</entry>
<entry key="lorca">06006</entry>
<entry key="bern">85031</entry>
<entry key="puente genil">PTE G</entry>
<entry key="milano">83111</entry>
<entry key="beira">94401</entry>
<entry key="abrantes">94707</entry>
<entry key="barcelona">BARCE</entry>
<entry key="almería">56312</entry>
<entry key="valencia">VALEN</entry>
<entry key="castello">65300</entry>
<entry key="figueres vilafant">04307</entry>
<entry key="gandia">69110</entry>
<entry key="requena">03213</entry>
<entry key="badajoz">37606 </entry>
<entry key="cadiz">51405</entry>
<entry key="castellon">65300</entry>
<entry key="zurich">85200</entry>
<entry key="jaén">03100</entry>
<entry key="orleans-les aubrais">87004</entry>
<entry key="valladolid">10600</entry>
<entry key="blois">87546 </entry>
<entry key="lleida">78400</entry>
<entry key="gijon">GIJON</entry>
<entry key="algeciras">55020 </entry>
<entry key="vigo">Guixar=22308</entry>
<entry key="logroño">81100</entry>
<entry key="monzon-rio cinca">78301</entry>
<entry key="merida">37500</entry>
<entry key="paris austerlitz">87011</entry>
<entry key="reus">71400</entry>
<entry key="fribourg">85410</entry>
<entry key="san sebastián">11511</entry>
<entry key="tudela de navarra">81202</entry>
<entry key="milán">83111</entry>
<entry key="palencia">14100</entry>
<entry key="málaga maría zambrano">54413</entry>
<entry key="coruña">31412</entry>
<entry key="bilbao-abando">13200 </entry>
<entry key="lorca-sutullena">06006</entry>
<entry key="paris">87011</entry>
<entry key="madrid">MADRI</entry>
<entry key="monzón-río cinca">78301</entry>
<entry key="guadalajara">GUADA</entry>
<entry key="xàtiva">64100</entry>
<entry key="murcia">61200</entry>
<entry key="navalmoral de la mata">35206</entry>
<entry key="torino">83002</entry>
<entry key="segovia">SEGOV</entry>
<entry key="geneve">85444</entry>
<entry key="parís austerlitz">87011</entry>
<entry key="gandía">69110</entry>
<entry key="bobadilla">54400 </entry>
<entry key="orleans">87004</entry>
<entry key="leon">15100</entry>
<entry key="castellón">65300</entry>
<entry key="puerto santa maria">51400</entry>
<entry key="alcázar de san juan">60400 </entry>
<entry key="zamora">30200</entry>
<entry key="santiago de compostela">31400</entry>
<entry key="antequera">ANTEQ</entry>
<entry key="montpellier">87173</entry>
<entry key="donostia">11511</entry>
<entry key="pamplona">80100</entry>
<entry key="villena">60902</entry>
<entry key="orpesa">65304</entry>
<entry key="novara">83008</entry>
<entry key="avila">10400 </entry>
<entry key="iruña">80100</entry>
<entry key="granada">05000</entry>
<entry key="gijón">GIJON</entry>
<entry key="ourense">22100</entry>
<entry key="turin">83002</entry>
<entry key="soria">82100</entry>
<entry key="puertollano">37300</entry>
<entry key="oropesa">65304</entry>
<entry key="huesca">74200</entry>
<entry key="san sebastian">11511</entry>
<entry key="hendaya">11602</entry>
<entry key="milan">83111</entry>
<entry key="ponferrada">20200</entry>
<entry key="huelva">43019</entry>
<entry key="portbou">79315</entry>
<entry key="alcazar de san juan">60400 </entry>
<entry key="parís">87011</entry>
<entry key="malaga maria zambrano">54413</entry>
<entry key="vitoria">11208</entry>
<entry key="sahagun">15009</entry>
<entry key="miranda de ebro">11200</entry>
<entry key="irun">11600</entry>
<entry key="medina del campo">10500</entry>
<entry key="calatayud">70600</entry>
<entry key="girona">79300</entry>
<entry key="sevilla">51003</entry>
<entry key="jerez de la frontera">51300</entry>
<entry key="limoges">87034</entry>
<entry key="castelló">65300</entry>
</properties>
